{
  "token_acc": 0.99996168,
  "token_p": 0.9989078786,
  "token_r": 0.9995398685,
  "token_f": 0.9992237736,
  "pos_acc": 0.9815191135,
  "morph_acc": 0.9771762157,
  "morph_micro_p": 0.9924069219,
  "morph_micro_r": 0.986118927,
  "morph_micro_f": 0.9892529324,
  "morph_per_feat": {
    "Definite": {
      "p": 0.9982893799,
      "r": 0.9990014265,
      "f": 0.9986452763
    },
    "Gender": {
      "p": 0.9919021995,
      "r": 0.9864394451,
      "f": 0.9891632802
    },
    "Number": {
      "p": 0.9979454179,
      "r": 0.9904201293,
      "f": 0.9941685333
    },
    "PronType": {
      "p": 0.9971176018,
      "r": 0.9912129895,
      "f": 0.9941565284
    },
    "PunctType": {
      "p": 0.9993623466,
      "r": 0.9993623466,
      "f": 0.9993623466
    },
    "VerbForm": {
      "p": 0.9869681269,
      "r": 0.9821875,
      "f": 0.9845720103
    },
    "Mood": {
      "p": 0.9743975904,
      "r": 0.9649515287,
      "f": 0.9696515549
    },
    "Person": {
      "p": 0.9908466819,
      "r": 0.9798085292,
      "f": 0.9852966918
    },
    "Tense": {
      "p": 0.9784699954,
      "r": 0.9735642662,
      "f": 0.9760109664
    },
    "NumForm": {
      "p": 0.9836065574,
      "r": 0.9724473258,
      "f": 0.97799511
    },
    "NumType": {
      "p": 0.9776247849,
      "r": 0.9554247267,
      "f": 0.9663972778
    },
    "Poss": {
      "p": 1.0,
      "r": 0.9963436929,
      "f": 0.9981684982
    },
    "PunctSide": {
      "p": 0.995991984,
      "r": 0.994,
      "f": 0.994994995
    },
    "Case": {
      "p": 0.9290718039,
      "r": 0.9178200692,
      "f": 0.9234116623
    },
    "PrepCase": {
      "p": 0.994720169,
      "r": 0.9751552795,
      "f": 0.9848405646
    },
    "Reflex": {
      "p": 0.9903536977,
      "r": 0.9903536977,
      "f": 0.9903536977
    },
    "Degree": {
      "p": 0.9926470588,
      "r": 0.9608540925,
      "f": 0.9764918626
    },
    "Polarity": {
      "p": 1.0,
      "r": 0.9935064935,
      "f": 0.996742671
    },
    "AdvType": {
      "p": 0.9604519774,
      "r": 0.9042553191,
      "f": 0.9315068493
    },
    "Number[psor]": {
      "p": 1.0,
      "r": 0.9714285714,
      "f": 0.9855072464
    },
    "Foreign": {
      "p": 1.0,
      "r": 1.0,
      "f": 1.0
    }
  },
  "sents_p": 0.9630058696,
  "sents_r": 0.9815018892,
  "sents_f": 0.972165913,
  "dep_uas": 0.9037516481,
  "dep_las": 0.8684594765,
  "dep_las_per_type": {
    "det": {
      "p": 0.9714366118,
      "r": 0.9767968308,
      "f": 0.9741093474
    },
    "nsubj": {
      "p": 0.8707308116,
      "r": 0.8672275055,
      "f": 0.8689756276
    },
    "case": {
      "p": 0.9581151832,
      "r": 0.9621191696,
      "f": 0.960113002
    },
    "amod": {
      "p": 0.9084184572,
      "r": 0.8976679429,
      "f": 0.9030112045
    },
    "nmod": {
      "p": 0.8149316509,
      "r": 0.8207572147,
      "f": 0.8178340588
    },
    "mark": {
      "p": 0.8979591837,
      "r": 0.9064587973,
      "f": 0.902188972
    },
    "acl": {
      "p": 0.7258687259,
      "r": 0.7161904762,
      "f": 0.7209971237
    },
    "advcl": {
      "p": 0.5867768595,
      "r": 0.6128236745,
      "f": 0.599517491
    },
    "nummod": {
      "p": 0.8948306595,
      "r": 0.885361552,
      "f": 0.890070922
    },
    "obj": {
      "p": 0.799740344,
      "r": 0.8202396804,
      "f": 0.8098603122
    },
    "obl": {
      "p": 0.7161629435,
      "r": 0.7056538628,
      "f": 0.7108695652
    },
    "fixed": {
      "p": 0.8839541547,
      "r": 0.8304172275,
      "f": 0.8563497571
    },
    "cc": {
      "p": 0.9211248285,
      "r": 0.923024055,
      "f": 0.9220734638
    },
    "conj": {
      "p": 0.6862361383,
      "r": 0.671346522,
      "f": 0.6787096774
    },
    "root": {
      "p": 0.8963051251,
      "r": 0.9093107618,
      "f": 0.9027611044
    },
    "flat": {
      "p": 0.8972503618,
      "r": 0.9316303531,
      "f": 0.9141172134
    },
    "xcomp": {
      "p": 0.8301886792,
      "r": 0.7567567568,
      "f": 0.7917737789
    },
    "advmod": {
      "p": 0.8438215103,
      "r": 0.8314543405,
      "f": 0.8375922771
    },
    "compound": {
      "p": 0.8862559242,
      "r": 0.7510040161,
      "f": 0.8130434783
    },
    "expl:pv": {
      "p": 0.7834645669,
      "r": 0.7624521073,
      "f": 0.772815534
    },
    "cop": {
      "p": 0.8831168831,
      "r": 0.8755364807,
      "f": 0.8793103448
    },
    "ccomp": {
      "p": 0.7988929889,
      "r": 0.8123827392,
      "f": 0.8055813953
    },
    "iobj": {
      "p": 0.7046979866,
      "r": 0.5223880597,
      "f": 0.6
    },
    "aux": {
      "p": 0.9475177305,
      "r": 0.9502133713,
      "f": 0.9488636364
    },
    "appos": {
      "p": 0.6464237517,
      "r": 0.6680613668,
      "f": 0.6570644719
    },
    "expl:pass": {
      "p": 0.712962963,
      "r": 0.8324324324,
      "f": 0.7680798005
    },
    "csubj": {
      "p": 0.7692307692,
      "r": 0.7368421053,
      "f": 0.752688172
    },
    "dep": {
      "p": 0.0,
      "r": 0.0,
      "f": 0.0
    },
    "parataxis": {
      "p": 0.5769230769,
      "r": 0.3571428571,
      "f": 0.4411764706
    },
    "expl:impers": {
      "p": 0.6666666667,
      "r": 0.625,
      "f": 0.6451612903
    },
    "orphan": {
      "p": 0.0,
      "r": 0.0,
      "f": 0.0
    },
    "nsubj:pass": {
      "p": 0.0,
      "r": 0.0,
      "f": 0.0
    },
    "aux:pass": {
      "p": 0.0,
      "r": 0.0,
      "f": 0.0
    },
    "acl:relcl": {
      "p": 0.0,
      "r": 0.0,
      "f": 0.0
    }
  },
  "tag_acc": 0.9581496108,
  "lemma_acc": 0.9629594135,
  "ents_p": 0.8910285087,
  "ents_r": 0.8918264338,
  "ents_f": 0.8914272927,
  "ents_per_type": {
    "LOC": {
      "p": 0.8918366513,
      "r": 0.9015289256,
      "f": 0.8966565974
    },
    "PER": {
      "p": 0.9308361392,
      "r": 0.9461000998,
      "f": 0.9384060533
    },
    "MISC": {
      "p": 0.8282267027,
      "r": 0.7927366662,
      "f": 0.8100931677
    },
    "ORG": {
      "p": 0.8449519231,
      "r": 0.8123411139,
      "f": 0.8283256746
    }
  },
  "speed": 7753.3136813991
}